ObservationDate,Country,Confirmed,Deaths,Recovered,Active
2020-01-27,Ivory Coast,1,0,0,1
2020-02-14,Egypt,1,0,0,1
2020-02-15,Egypt,1,0,0,1
2020-02-16,Egypt,1,0,0,1
2020-02-17,Egypt,1,0,0,1
2020-02-18,Egypt,1,0,0,1
2020-02-19,Egypt,1,0,0,1
2020-02-20,Egypt,1,0,0,1
2020-02-21,Egypt,1,0,0,1
2020-02-22,Egypt,1,0,0,1
2020-02-23,Egypt,1,0,0,1
2020-02-24,Egypt,1,0,0,1
2020-02-25,Algeria,1,0,0,1
2020-02-25,Egypt,1,0,0,1
2020-02-26,Algeria,1,0,0,1
2020-02-26,Egypt,1,0,0,1
2020-02-27,Algeria,1,0,0,1
2020-02-27,Egypt,1,0,0,1
2020-02-28,Algeria,1,0,0,1
2020-02-28,Egypt,1,0,1,0
2020-02-28,Nigeria,1,0,0,1
2020-02-29,Algeria,1,0,0,1
2020-02-29,Egypt,1,0,1,0
2020-02-29,Nigeria,1,0,0,1
2020-03-01,Egypt,2,0,1,1
2020-03-01,Algeria,1,0,0,1
2020-03-01,Nigeria,1,0,0,1
2020-03-02,Algeria,3,0,0,3
2020-03-02,Egypt,2,0,1,1
2020-03-02,Morocco,1,0,0,1
2020-03-02,Nigeria,1,0,0,1
2020-03-02,Senegal,1,0,0,1
2020-03-03,Algeria,5,0,0,5
2020-03-03,Egypt,2,0,1,1
2020-03-03,Senegal,2,0,0,2
2020-03-03,Morocco,1,0,0,1
2020-03-03,Nigeria,1,0,0,1
2020-03-04,Algeria,12,0,0,12
2020-03-04,Senegal,4,0,0,4
2020-03-04,Egypt,2,0,1,1
2020-03-04,Morocco,1,0,0,1
2020-03-04,Nigeria,1,0,0,1
2020-03-04,Tunisia,1,0,0,1
2020-03-05,Algeria,12,0,0,12
2020-03-05,Senegal,4,0,0,4
2020-03-05,Egypt,3,0,1,2
2020-03-05,Morocco,2,0,0,2
2020-03-05,Nigeria,1,0,0,1
2020-03-05,South Africa,1,0,0,1
2020-03-05,Tunisia,1,0,0,1
2020-03-06,Algeria,17,0,0,17
2020-03-06,Egypt,15,0,1,14
2020-03-06,Senegal,4,0,0,4
2020-03-06,Morocco,2,0,0,2
2020-03-06,Cameroon,1,0,0,1
2020-03-06,Nigeria,1,0,0,1
2020-03-06,South Africa,1,0,0,1
2020-03-06,Togo,1,0,0,1
2020-03-06,Tunisia,1,0,0,1
2020-03-07,Algeria,17,0,0,17
2020-03-07,Egypt,15,0,1,14
2020-03-07,Senegal,4,0,0,4
2020-03-07,Morocco,2,0,0,2
2020-03-07,Cameroon,1,0,0,1
2020-03-07,Nigeria,1,0,0,1
2020-03-07,South Africa,1,0,0,1
2020-03-07,Togo,1,0,0,1
2020-03-07,Tunisia,1,0,0,1
2020-03-08,Egypt,49,1,1,47
2020-03-08,Algeria,19,0,0,19
2020-03-08,Senegal,4,0,1,3
2020-03-08,South Africa,3,0,0,3
2020-03-08,Cameroon,2,0,0,2
2020-03-08,Morocco,2,0,0,2
2020-03-08,Tunisia,2,0,0,2
2020-03-08,Nigeria,1,0,0,1
2020-03-08,Togo,1,0,0,1
2020-03-09,Egypt,55,1,12,42
2020-03-09,Algeria,20,0,0,20
2020-03-09,Senegal,4,0,1,3
2020-03-09,South Africa,3,0,0,3
2020-03-09,Cameroon,2,0,0,2
2020-03-09,Morocco,2,0,0,2
2020-03-09,Nigeria,2,0,0,2
2020-03-09,Tunisia,2,0,0,2
2020-03-09,Togo,1,0,0,1
2020-03-10,Egypt,59,1,1,57
2020-03-10,Algeria,20,0,0,20
2020-03-10,South Africa,7,0,0,7
2020-03-10,Tunisia,5,0,0,5
2020-03-10,Senegal,4,0,1,3
2020-03-10,Morocco,3,1,0,2
2020-03-10,Cameroon,2,0,0,2
2020-03-10,Nigeria,2,0,0,2
2020-03-10,Burkina Faso,1,0,0,1
2020-03-10,Togo,1,0,0,1
2020-03-11,Egypt,60,1,27,32
2020-03-11,Algeria,20,0,0,20
2020-03-11,South Africa,13,0,0,13
2020-03-11,Tunisia,7,0,0,7
2020-03-11,Morocco,5,1,0,4
2020-03-11,Senegal,4,0,1,3
2020-03-11,Burkina Faso,2,0,0,2
2020-03-11,Cameroon,2,0,0,2
2020-03-11,Nigeria,2,0,0,2
2020-03-11,Congo (Kinshasa),1,0,0,1
2020-03-11,Ivory Coast,1,0,0,1
2020-03-11,Togo,1,0,0,1
2020-03-12,Egypt,67,1,27,39
2020-03-12,Algeria,24,1,8,15
2020-03-12,South Africa,17,0,0,17
2020-03-12,Tunisia,7,0,0,7
2020-03-12,Morocco,6,1,0,5
2020-03-12,Senegal,4,0,1,3
2020-03-12,Burkina Faso,2,0,0,2
2020-03-12,Cameroon,2,0,0,2
2020-03-12,Nigeria,2,0,0,2
2020-03-12,Congo (Kinshasa),1,0,0,1
2020-03-12,Ivory Coast,1,0,0,1
2020-03-12,Togo,1,0,0,1
2020-03-13,Burkina Faso,2,0,0,2
2020-03-13,Congo (Kinshasa),2,0,0,2
2020-03-13,Algeria,26,2,8,16
2020-03-13,Nigeria,2,0,0,2
2020-03-13,Egypt,80,2,27,51
2020-03-13,Senegal,10,0,1,9
2020-03-13,Ethiopia,1,0,0,1
2020-03-13,Sudan,1,1,0,0
2020-03-13,Guinea,1,0,0,1
2020-03-13,Morocco,7,1,1,5
2020-03-13,Kenya,1,0,0,1
2020-03-13,South Africa,24,0,0,24
2020-03-13,Ivory Coast,1,0,0,1
2020-03-13,Cameroon,2,0,0,2
2020-03-13,Togo,1,0,0,1
2020-03-13,Tunisia,16,0,0,16
2020-03-14,Egypt,109,2,27,80
2020-03-14,South Africa,38,0,0,38
2020-03-14,Algeria,37,3,12,22
2020-03-14,Tunisia,18,0,0,18
2020-03-14,Morocco,17,1,1,15
2020-03-14,Senegal,10,0,1,9
2020-03-14,Ghana,3,0,0,3
2020-03-14,Burkina Faso,2,0,0,2
2020-03-14,Cameroon,2,0,0,2
2020-03-14,Congo (Kinshasa),2,0,0,2
2020-03-14,Namibia,2,0,0,2
2020-03-14,Nigeria,2,0,0,2
2020-03-14,Seychelles,2,0,0,2
2020-03-14,Ivory Coast,1,0,0,1
2020-03-14,Eswatini,1,0,0,1
2020-03-14,Ethiopia,1,0,0,1
2020-03-14,Gabon,1,0,0,1
2020-03-14,Guinea,1,0,0,1
2020-03-14,Kenya,1,0,0,1
2020-03-14,Mauritania,1,0,0,1
2020-03-14,Rwanda,1,0,0,1
2020-03-14,Sudan,1,1,0,0
2020-03-14,Togo,1,0,0,1
2020-03-15,Egypt,110,2,21,87
2020-03-15,South Africa,51,0,0,51
2020-03-15,Algeria,48,4,12,32
2020-03-15,Morocco,28,1,1,26
2020-03-15,Tunisia,18,0,0,18
2020-03-15,Senegal,24,0,1,23
2020-03-15,Ghana,6,0,0,6
2020-03-15,Burkina Faso,3,0,0,3
2020-03-15,Cameroon,2,0,0,2
2020-03-15,Congo (Kinshasa),2,0,0,2
2020-03-15,Namibia,2,0,0,2
2020-03-15,Nigeria,2,0,0,2
2020-03-15,Seychelles,2,0,0,2
2020-03-15,Central African Republic,1,0,0,1
2020-03-15,Congo (Brazzaville),1,0,0,1
2020-03-15,Ivory Coast,1,0,0,1
2020-03-15,Equatorial Guinea,1,0,0,1
2020-03-15,Eswatini,1,0,0,1
2020-03-15,Ethiopia,1,0,0,1
2020-03-15,Gabon,1,0,0,1
2020-03-15,Guinea,1,0,0,1
2020-03-15,Kenya,3,0,0,3
2020-03-15,Mauritania,1,0,0,1
2020-03-15,Rwanda,1,0,0,1
2020-03-15,Sudan,1,1,0,0
2020-03-15,Togo,1,0,0,1
2020-03-16,Egypt,150,2,27,121
2020-03-16,South Africa,62,0,0,62
2020-03-16,Algeria,54,4,12,38
2020-03-16,Morocco,29,1,1,27
2020-03-16,Senegal,24,0,2,22
2020-03-16,Tunisia,20,0,0,20
2020-03-16,Burkina Faso,15,0,0,15
2020-03-16,Ghana,6,0,0,6
2020-03-16,Ethiopia,5,0,0,5
2020-03-16,Rwanda,5,0,0,5
2020-03-16,Cameroon,4,0,0,4
2020-03-16,Kenya,3,0,0,3
2020-03-16,Seychelles,3,0,0,3
2020-03-16,Congo (Kinshasa),2,0,0,2
2020-03-16,Namibia,2,0,0,2
2020-03-16,Nigeria,2,0,0,2
2020-03-16,Benin,1,0,0,1
2020-03-16,Central African Republic,1,0,0,1
2020-03-16,Congo (Brazzaville),1,0,0,1
2020-03-16,Ivory Coast,1,0,0,1
2020-03-16,Equatorial Guinea,1,0,0,1
2020-03-16,Eswatini,1,0,0,1
2020-03-16,Gabon,1,0,0,1
2020-03-16,Guinea,1,0,0,1
2020-03-16,Liberia,1,0,0,1
2020-03-16,Mauritania,1,0,0,1
2020-03-16,Somalia,1,0,0,1
2020-03-16,Sudan,1,1,0,0
2020-03-16,Tanzania,1,0,0,1
2020-03-16,Togo,1,0,0,1
2020-03-17,Egypt,196,4,32,160
2020-03-17,South Africa,62,0,0,62
2020-03-17,Algeria,60,4,12,44
2020-03-17,Morocco,38,2,1,35
2020-03-17,Senegal,26,0,2,24
2020-03-17,Tunisia,24,0,0,24
2020-03-17,Burkina Faso,15,0,0,15
2020-03-17,Cameroon,10,0,0,10
2020-03-17,Ghana,7,0,0,7
2020-03-17,Rwanda,7,0,0,7
2020-03-17,Ivory Coast,5,0,1,4
2020-03-17,Ethiopia,5,0,0,5
2020-03-17,Seychelles,4,0,0,4
2020-03-17,Congo (Kinshasa),3,0,0,3
2020-03-17,Kenya,3,0,0,3
2020-03-17,Nigeria,3,0,0,3
2020-03-17,Namibia,2,0,0,2
2020-03-17,Benin,1,0,0,1
2020-03-17,Central African Republic,1,0,0,1
2020-03-17,Congo (Brazzaville),1,0,0,1
2020-03-17,Equatorial Guinea,1,0,0,1
2020-03-17,Eswatini,1,0,0,1
2020-03-17,Gabon,1,0,0,1
2020-03-17,Guinea,1,0,0,1
2020-03-17,Liberia,1,0,0,1
2020-03-17,Mauritania,1,0,0,1
2020-03-17,Somalia,1,0,0,1
2020-03-17,Sudan,1,1,0,0
2020-03-17,Tanzania,1,0,0,1
2020-03-17,Togo,1,0,0,1
2020-03-18,Egypt,196,6,32,158
2020-03-18,South Africa,116,0,0,116
2020-03-18,Algeria,74,7,12,55
2020-03-18,Morocco,49,2,1,46
2020-03-18,Senegal,31,0,2,29
2020-03-18,Tunisia,29,0,0,29
2020-03-18,Burkina Faso,20,1,0,19
2020-03-18,Cameroon,10,0,0,10
2020-03-18,Nigeria,8,0,1,7
2020-03-18,Rwanda,8,0,0,8
2020-03-18,Ghana,7,0,0,7
2020-03-18,Ivory Coast,6,0,1,5
2020-03-18,Ethiopia,6,0,0,6
2020-03-18,Congo (Kinshasa),4,0,0,4
2020-03-18,Equatorial Guinea,4,0,0,4
2020-03-18,Seychelles,4,0,0,4
2020-03-18,Kenya,3,0,0,3
2020-03-18,Mauritius,3,0,0,3
2020-03-18,Tanzania,3,0,0,3
2020-03-18,Benin,2,0,0,2
2020-03-18,Liberia,2,0,0,2
2020-03-18,Namibia,2,0,0,2
2020-03-18,Sudan,2,1,0,1
2020-03-18,Zambia,2,0,0,2
2020-03-18,Central African Republic,1,0,0,1
2020-03-18,Congo (Brazzaville),1,0,0,1
2020-03-18,Djibouti,1,0,0,1
2020-03-18,Eswatini,1,0,0,1
2020-03-18,Gabon,1,0,0,1
2020-03-18,Guinea,1,0,0,1
2020-03-18,Mauritania,1,0,0,1
2020-03-18,Somalia,1,0,0,1
2020-03-18,Togo,1,0,0,1
2020-03-19,Egypt,256,6,32,218
2020-03-19,South Africa,150,0,0,150
2020-03-19,Algeria,87,9,32,46
2020-03-19,Morocco,63,2,1,60
2020-03-19,Tunisia,39,1,0,38
2020-03-19,Burkina Faso,33,1,0,32
2020-03-19,Senegal,31,0,2,29
2020-03-19,Congo (Kinshasa),14,0,0,14
2020-03-19,Cameroon,13,0,0,13
2020-03-19,Ghana,11,0,0,11
2020-03-19,Ivory Coast,9,0,1,8
2020-03-19,Nigeria,8,0,1,7
2020-03-19,Rwanda,8,0,0,8
2020-03-19,Kenya,7,0,0,7
2020-03-19,Equatorial Guinea,6,0,0,6
2020-03-19,Ethiopia,6,0,0,6
2020-03-19,Seychelles,6,0,0,6
2020-03-19,Tanzania,6,0,0,6
2020-03-19,Congo (Brazzaville),3,0,0,3
2020-03-19,Mauritius,3,0,0,3
2020-03-19,Namibia,3,0,0,3
2020-03-19,Benin,2,0,0,2
2020-03-19,Liberia,2,0,0,2
2020-03-19,Mauritania,2,0,0,2
2020-03-19,Sudan,2,1,0,1
2020-03-19,Zambia,2,0,0,2
2020-03-19,Central African Republic,1,0,0,1
2020-03-19,Chad,1,0,0,1
2020-03-19,Djibouti,1,0,0,1
2020-03-19,Eswatini,1,0,0,1
2020-03-19,Gabon,1,0,0,1
2020-03-19,Guinea,1,0,0,1
2020-03-19,Somalia,1,0,0,1
2020-03-19,Togo,1,0,0,1
2020-03-20,Egypt,285,8,39,238
2020-03-20,South Africa,202,0,0,202
2020-03-20,Algeria,90,11,32,47
2020-03-20,Morocco,77,3,1,73
2020-03-20,Tunisia,54,1,0,53
2020-03-20,Burkina Faso,40,1,0,39
2020-03-20,Senegal,38,0,2,36
2020-03-20,Cameroon,20,0,0,20
2020-03-20,Congo (Kinshasa),18,0,0,18
2020-03-20,Rwanda,17,0,0,17
2020-03-20,Ghana,16,0,0,16
2020-03-20,Mauritius,12,0,0,12
2020-03-20,Nigeria,12,0,1,11
2020-03-20,Ivory Coast,9,0,1,8
2020-03-20,Ethiopia,9,0,0,9
2020-03-20,Togo,9,0,1,8
2020-03-20,Kenya,7,0,0,7
2020-03-20,Seychelles,7,0,0,7
2020-03-20,Equatorial Guinea,6,0,0,6
2020-03-20,Tanzania,6,0,0,6
2020-03-20,Central African Republic,3,0,0,3
2020-03-20,Congo (Brazzaville),3,0,0,3
2020-03-20,Gabon,3,1,0,2
2020-03-20,Madagascar,3,0,0,3
2020-03-20,Namibia,3,0,0,3
2020-03-20,Benin,2,0,0,2
2020-03-20,Liberia,2,0,0,2
2020-03-20,Mauritania,2,0,0,2
2020-03-20,Sudan,2,1,0,1
2020-03-20,Zambia,2,0,0,2
2020-03-20,Angola,1,0,0,1
2020-03-20,Cabo Verde,1,0,0,1
2020-03-20,Chad,1,0,0,1
2020-03-20,Djibouti,1,0,0,1
2020-03-20,Eswatini,1,0,0,1
2020-03-20,Guinea,1,0,0,1
2020-03-20,Niger,1,0,0,1
2020-03-20,Somalia,1,0,0,1
2020-03-20,Zimbabwe,1,0,0,1
2020-03-21,Egypt,294,10,41,243
2020-03-21,South Africa,240,0,0,240
2020-03-21,Algeria,139,15,32,92
2020-03-21,Morocco,96,3,3,90
2020-03-21,Burkina Faso,64,2,5,57
2020-03-21,Tunisia,60,1,0,59
2020-03-21,Senegal,47,0,5,42
2020-03-21,Cameroon,27,0,0,27
2020-03-21,Congo (Kinshasa),23,1,0,22
2020-03-21,Nigeria,22,0,1,21
2020-03-21,Ghana,19,1,0,18
2020-03-21,Rwanda,17,0,0,17
2020-03-21,Togo,16,0,1,15
2020-03-21,Ivory Coast,14,0,1,13
2020-03-21,Mauritius,14,1,0,13
2020-03-21,Ethiopia,9,0,0,9
2020-03-21,Kenya,7,0,0,7
2020-03-21,Seychelles,7,0,0,7
2020-03-21,Equatorial Guinea,6,0,0,6
2020-03-21,Tanzania,6,0,0,6
2020-03-21,Gabon,4,1,0,3
2020-03-21,Cabo Verde,3,0,0,3
2020-03-21,Central African Republic,3,0,0,3
2020-03-21,Congo (Brazzaville),3,0,0,3
2020-03-21,Liberia,3,0,0,3
2020-03-21,Madagascar,3,0,0,3
2020-03-21,Namibia,3,0,0,3
2020-03-21,Zimbabwe,3,0,0,3
2020-03-21,Angola,2,0,0,2
2020-03-21,Benin,2,0,0,2
2020-03-21,Guinea,2,0,0,2
2020-03-21,Mauritania,2,0,0,2
2020-03-21,Sudan,2,1,0,1
2020-03-21,Zambia,2,0,0,2
2020-03-21,Chad,1,0,0,1
2020-03-21,Djibouti,1,0,0,1
2020-03-21,Eritrea,1,0,0,1
2020-03-21,Eswatini,1,0,0,1
2020-03-21,Niger,1,0,0,1
2020-03-21,Somalia,1,0,0,1
2020-03-21,Uganda,1,0,0,1
2020-03-22,Algeria,201,17,65,119
2020-03-22,Angola,2,0,0,2
2020-03-22,Benin,2,0,0,2
2020-03-22,Burkina Faso,75,4,5,66
2020-03-22,Cabo Verde,3,0,0,3
2020-03-22,Cameroon,40,0,2,38
2020-03-22,Central African Republic,3,0,0,3
2020-03-22,Chad,1,0,0,1
2020-03-22,Congo (Brazzaville),3,0,0,3
2020-03-22,Congo (Kinshasa),30,1,0,29
2020-03-22,Djibouti,1,0,0,1
2020-03-22,Egypt,327,14,56,257
2020-03-22,Equatorial Guinea,6,0,0,6
2020-03-22,Eritrea,1,0,0,1
2020-03-22,Eswatini,4,0,0,4
2020-03-22,Ethiopia,11,0,0,11
2020-03-22,Gabon,5,1,0,4
2020-03-22,Gambia,1,0,0,1
2020-03-22,Ghana,23,1,0,22
2020-03-22,Guinea,2,0,0,2
2020-03-22,Ivory Coast,14,0,1,13
2020-03-22,Kenya,15,0,0,15
2020-03-22,Liberia,3,0,0,3
2020-03-22,Madagascar,3,0,0,3
2020-03-22,Mauritania,2,0,0,2
2020-03-22,Mauritius,28,2,0,26
2020-03-22,Morocco,115,4,3,108
2020-03-22,Mozambique,1,0,0,1
2020-03-22,Namibia,3,0,0,3
2020-03-22,Niger,2,0,0,2
2020-03-22,Nigeria,30,0,2,28
2020-03-22,Rwanda,19,0,0,19
2020-03-22,Senegal,67,0,5,62
2020-03-22,Seychelles,7,0,0,7
2020-03-22,Somalia,1,0,0,1
2020-03-22,South Africa,274,0,2,272
2020-03-22,Sudan,2,1,0,1
2020-03-22,Tanzania,12,0,0,12
2020-03-22,Togo,16,0,0,16
2020-03-22,Tunisia,75,3,1,71
2020-03-22,Uganda,1,0,0,1
2020-03-22,Zambia,3,0,0,3
2020-03-22,Zimbabwe,3,0,0,3
2020-03-23,Algeria,230,17,65,148
2020-03-23,Angola,3,0,0,3
2020-03-23,Benin,5,0,0,5
2020-03-23,Burkina Faso,99,4,5,90
2020-03-23,Cabo Verde,3,0,0,3
2020-03-23,Cameroon,56,0,2,54
2020-03-23,Central African Republic,3,0,0,3
2020-03-23,Chad,1,0,0,1
2020-03-23,Congo (Brazzaville),4,0,0,4
2020-03-23,Congo (Kinshasa),36,1,0,35
2020-03-23,Djibouti,3,0,0,3
2020-03-23,Egypt,366,19,68,279
2020-03-23,Equatorial Guinea,9,0,0,9
2020-03-23,Eritrea,1,0,0,1
2020-03-23,Eswatini,4,0,0,4
2020-03-23,Ethiopia,11,0,0,11
2020-03-23,Gabon,5,1,0,4
2020-03-23,Gambia,2,1,0,1
2020-03-23,Ghana,27,2,0,25
2020-03-23,Guinea,4,0,0,4
2020-03-23,Ivory Coast,25,0,2,23
2020-03-23,Kenya,16,0,0,16
2020-03-23,Liberia,3,0,0,3
2020-03-23,Madagascar,12,0,0,12
2020-03-23,Mauritania,2,0,0,2
2020-03-23,Mauritius,36,2,0,34
2020-03-23,Morocco,143,4,5,134
2020-03-23,Mozambique,1,0,0,1
2020-03-23,Namibia,4,0,0,4
2020-03-23,Niger,3,0,0,3
2020-03-23,Nigeria,40,1,2,37
2020-03-23,Rwanda,36,0,0,36
2020-03-23,Senegal,79,0,8,71
2020-03-23,Seychelles,7,0,0,7
2020-03-23,Somalia,1,0,0,1
2020-03-23,South Africa,402,0,4,398
2020-03-23,Sudan,2,1,0,1
2020-03-23,Tanzania,12,0,0,12
2020-03-23,Togo,18,0,0,18
2020-03-23,Tunisia,89,3,1,85
2020-03-23,Uganda,9,0,0,9
2020-03-23,Zambia,3,0,0,3
2020-03-23,Zimbabwe,3,1,0,2
2020-03-24,Algeria,264,19,24,221
2020-03-24,Angola,3,0,0,3
2020-03-24,Benin,6,0,0,6
2020-03-24,Burkina Faso,114,4,7,103
2020-03-24,Cabo Verde,3,1,0,2
2020-03-24,Cameroon,66,0,2,64
2020-03-24,Central African Republic,3,0,0,3
2020-03-24,Chad,3,0,0,3
2020-03-24,Congo (Brazzaville),4,0,0,4
2020-03-24,Congo (Kinshasa),45,2,0,43
2020-03-24,Djibouti,3,0,0,3
2020-03-24,Egypt,402,20,80,302
2020-03-24,Equatorial Guinea,9,0,0,9
2020-03-24,Eritrea,1,0,0,1
2020-03-24,Eswatini,4,0,0,4
2020-03-24,Ethiopia,12,0,0,12
2020-03-24,Gabon,6,1,0,5
2020-03-24,Gambia,3,1,0,2
2020-03-24,Ghana,53,2,0,51
2020-03-24,Guinea,4,0,0,4
2020-03-24,Ivory Coast,73,0,2,71
2020-03-24,Kenya,25,0,0,25
2020-03-24,Liberia,3,0,0,3
2020-03-24,Libya,1,0,0,1
2020-03-24,Madagascar,17,0,0,17
2020-03-24,Mauritania,2,0,0,2
2020-03-24,Mauritius,42,2,0,40
2020-03-24,Morocco,170,5,6,159
2020-03-24,Mozambique,3,0,0,3
2020-03-24,Namibia,7,0,2,5
2020-03-24,Niger,3,0,0,3
2020-03-24,Nigeria,44,1,2,41
2020-03-24,Rwanda,40,0,0,40
2020-03-24,Senegal,86,0,8,78
2020-03-24,Seychelles,7,0,0,7
2020-03-24,Somalia,1,0,0,1
2020-03-24,South Africa,554,0,4,550
2020-03-24,Sudan,3,1,0,2
2020-03-24,Tanzania,12,0,0,12
2020-03-24,Togo,20,0,1,19
2020-03-24,Tunisia,114,4,1,109
2020-03-24,Uganda,9,0,0,9
2020-03-24,Zambia,3,0,0,3
2020-03-24,Zimbabwe,3,1,0,2
2020-03-25,Algeria,302,21,65,216
2020-03-25,Angola,3,0,0,3
2020-03-25,Benin,6,0,0,6
2020-03-25,Burkina Faso,146,4,10,132
2020-03-25,Cabo Verde,4,1,0,3
2020-03-25,Cameroon,75,1,2,72
2020-03-25,Central African Republic,3,0,0,3
2020-03-25,Chad,3,0,0,3
2020-03-25,Congo (Brazzaville),4,0,0,4
2020-03-25,Congo (Kinshasa),48,2,0,46
2020-03-25,Djibouti,11,0,0,11
2020-03-25,Egypt,456,21,95,340
2020-03-25,Equatorial Guinea,9,0,0,9
2020-03-25,Eritrea,4,0,0,4
2020-03-25,Eswatini,4,0,0,4
2020-03-25,Ethiopia,12,0,0,12
2020-03-25,Gabon,6,1,0,5
2020-03-25,Gambia,3,1,0,2
2020-03-25,Ghana,93,4,0,89
2020-03-25,Guinea,4,0,0,4
2020-03-25,Guinea-Bissau,2,0,0,2
2020-03-25,Ivory Coast,80,0,3,77
2020-03-25,Kenya,28,0,1,27
2020-03-25,Liberia,3,0,0,3
2020-03-25,Libya,1,0,0,1
2020-03-25,Madagascar,19,0,0,19
2020-03-25,Mali,2,0,0,2
2020-03-25,Mauritania,2,0,0,2
2020-03-25,Mauritius,48,2,0,46
2020-03-25,Morocco,225,6,7,212
2020-03-25,Mozambique,5,0,0,5
2020-03-25,Namibia,7,0,2,5
2020-03-25,Niger,7,1,0,6
2020-03-25,Nigeria,51,1,2,48
2020-03-25,Rwanda,41,0,0,41
2020-03-25,Senegal,99,0,9,90
2020-03-25,Seychelles,7,0,0,7
2020-03-25,Somalia,1,0,0,1
2020-03-25,South Africa,709,0,12,697
2020-03-25,Sudan,3,1,0,2
2020-03-25,Tanzania,12,0,0,12
2020-03-25,Togo,23,0,1,22
2020-03-25,Tunisia,173,5,2,166
2020-03-25,Uganda,14,0,0,14
2020-03-25,Zambia,12,0,0,12
2020-03-25,Zimbabwe,3,1,0,2
2020-03-26,Algeria,367,25,29,313
2020-03-26,Angola,4,0,0,4
2020-03-26,Benin,6,0,0,6
2020-03-26,Burkina Faso,152,7,10,135
2020-03-26,Cabo Verde,4,1,0,3
2020-03-26,Cameroon,75,1,2,72
2020-03-26,Central African Republic,3,0,0,3
2020-03-26,Chad,3,0,0,3
2020-03-26,Congo (Brazzaville),4,0,0,4
2020-03-26,Congo (Kinshasa),51,3,0,48
2020-03-26,Djibouti,11,0,0,11
2020-03-26,Egypt,495,24,102,369
2020-03-26,Equatorial Guinea,12,0,0,12
2020-03-26,Eritrea,6,0,0,6
2020-03-26,Eswatini,6,0,0,6
2020-03-26,Ethiopia,12,0,0,12
2020-03-26,Gabon,7,1,0,6
2020-03-26,Gambia,3,1,0,2
2020-03-26,Ghana,132,4,1,127
2020-03-26,Guinea,4,0,0,4
2020-03-26,Guinea-Bissau,2,0,0,2
2020-03-26,Ivory Coast,96,0,3,93
2020-03-26,Kenya,31,1,1,29
2020-03-26,Liberia,3,0,0,3
2020-03-26,Libya,1,0,0,1
2020-03-26,Madagascar,23,0,0,23
2020-03-26,Mali,4,0,0,4
2020-03-26,Mauritania,3,0,0,3
2020-03-26,Mauritius,81,2,0,79
2020-03-26,Morocco,275,11,8,256
2020-03-26,Mozambique,7,0,0,7
2020-03-26,Namibia,8,0,2,6
2020-03-26,Niger,10,1,0,9
2020-03-26,Nigeria,65,1,2,62
2020-03-26,Rwanda,50,0,0,50
2020-03-26,Senegal,105,0,9,96
2020-03-26,Seychelles,7,0,0,7
2020-03-26,Somalia,2,0,0,2
2020-03-26,South Africa,927,0,12,915
2020-03-26,Sudan,3,1,0,2
2020-03-26,Tanzania,13,0,0,13
2020-03-26,Togo,23,0,1,22
2020-03-26,Tunisia,197,6,2,189
2020-03-26,Uganda,14,0,0,14
2020-03-26,Zambia,16,0,0,16
2020-03-26,Zimbabwe,3,1,0,2
2020-03-27,Algeria,409,26,29,354
2020-03-27,Angola,4,0,0,4
2020-03-27,Benin,6,0,0,6
2020-03-27,Burkina Faso,180,9,12,159
2020-03-27,Cabo Verde,5,1,0,4
2020-03-27,Cameroon,91,2,2,87
2020-03-27,Central African Republic,3,0,0,3
2020-03-27,Chad,3,0,0,3
2020-03-27,Congo (Brazzaville),4,0,0,4
2020-03-27,Congo (Kinshasa),51,3,2,46
2020-03-27,Djibouti,12,0,0,12
2020-03-27,Egypt,536,30,116,390
2020-03-27,Equatorial Guinea,12,0,0,12
2020-03-27,Eritrea,6,0,0,6
2020-03-27,Eswatini,9,0,0,9
2020-03-27,Ethiopia,16,0,0,16
2020-03-27,Gabon,7,1,0,6
2020-03-27,Gambia,3,1,0,2
2020-03-27,Ghana,137,4,2,131
2020-03-27,Guinea,8,0,0,8
2020-03-27,Guinea-Bissau,2,0,0,2
2020-03-27,Ivory Coast,101,0,3,98
2020-03-27,Kenya,31,1,1,29
2020-03-27,Liberia,3,0,0,3
2020-03-27,Libya,1,0,0,1
2020-03-27,Madagascar,26,0,0,26
2020-03-27,Mali,11,0,0,11
2020-03-27,Mauritania,3,0,0,3
2020-03-27,Mauritius,94,2,0,92
2020-03-27,Morocco,345,23,11,311
2020-03-27,Mozambique,7,0,0,7
2020-03-27,Namibia,8,0,2,6
2020-03-27,Niger,10,1,0,9
2020-03-27,Nigeria,70,1,3,66
2020-03-27,Rwanda,54,0,0,54
2020-03-27,Senegal,119,0,11,108
2020-03-27,Seychelles,7,0,0,7
2020-03-27,Somalia,3,0,0,3
2020-03-27,South Africa,1170,1,31,1138
2020-03-27,Sudan,3,1,0,2
2020-03-27,Tanzania,13,0,1,12
2020-03-27,Togo,25,1,1,23
2020-03-27,Tunisia,227,6,2,219
2020-03-27,Uganda,23,0,0,23
2020-03-27,Zambia,22,0,0,22
2020-03-27,Zimbabwe,5,1,0,4
2020-03-28,Algeria,454,29,31,394
2020-03-28,Angola,5,0,0,5
2020-03-28,Benin,6,0,0,6
2020-03-28,Burkina Faso,207,11,21,175
2020-03-28,Cabo Verde,5,1,0,4
2020-03-28,Cameroon,91,2,2,87
2020-03-28,Central African Republic,3,0,0,3
2020-03-28,Chad,3,0,0,3
2020-03-28,Congo (Brazzaville),4,0,0,4
2020-03-28,Congo (Kinshasa),65,6,2,57
2020-03-28,Djibouti,14,0,0,14
2020-03-28,Egypt,576,36,121,419
2020-03-28,Equatorial Guinea,12,0,0,12
2020-03-28,Eritrea,6,0,0,6
2020-03-28,Eswatini,9,0,0,9
2020-03-28,Ethiopia,16,0,1,15
2020-03-28,Gabon,7,1,0,6
2020-03-28,Gambia,3,1,0,2
2020-03-28,Ghana,141,5,2,134
2020-03-28,Guinea,8,0,0,8
2020-03-28,Guinea-Bissau,2,0,0,2
2020-03-28,Ivory Coast,101,0,3,98
2020-03-28,Kenya,38,1,1,36
2020-03-28,Liberia,3,0,0,3
2020-03-28,Libya,3,0,0,3
2020-03-28,Madagascar,26,0,0,26
2020-03-28,Mali,18,0,0,18
2020-03-28,Mauritania,5,0,0,5
2020-03-28,Mauritius,102,2,0,100
2020-03-28,Morocco,402,25,11,366
2020-03-28,Mozambique,8,0,0,8
2020-03-28,Namibia,8,0,2,6
2020-03-28,Niger,10,1,0,9
2020-03-28,Nigeria,89,1,3,85
2020-03-28,Rwanda,60,0,0,60
2020-03-28,Senegal,130,0,18,112
2020-03-28,Seychelles,8,0,0,8
2020-03-28,Somalia,3,0,0,3
2020-03-28,South Africa,1187,1,31,1155
2020-03-28,Sudan,5,1,0,4
2020-03-28,Tanzania,14,0,1,13
2020-03-28,Togo,25,1,1,23
2020-03-28,Tunisia,278,8,2,268
2020-03-28,Uganda,30,0,0,30
2020-03-28,Zambia,28,0,0,28
2020-03-28,Zimbabwe,7,1,0,6
2020-03-29,Algeria,511,31,31,449
2020-03-29,Angola,7,2,0,5
2020-03-29,Benin,6,0,0,6
2020-03-29,Burkina Faso,222,12,23,187
2020-03-29,Cabo Verde,6,1,0,5
2020-03-29,Cameroon,139,6,5,128
2020-03-29,Central African Republic,3,0,0,3
2020-03-29,Chad,3,0,0,3
2020-03-29,Congo (Brazzaville),19,0,0,19
2020-03-29,Congo (Kinshasa),65,6,2,57
2020-03-29,Djibouti,18,0,0,18
2020-03-29,Egypt,609,40,132,437
2020-03-29,Equatorial Guinea,12,0,0,12
2020-03-29,Eritrea,12,0,0,12
2020-03-29,Eswatini,9,0,0,9
2020-03-29,Ethiopia,21,0,1,20
2020-03-29,Gabon,7,1,0,6
2020-03-29,Gambia,4,1,0,3
2020-03-29,Ghana,152,5,2,145
2020-03-29,Guinea,16,0,0,16
2020-03-29,Guinea-Bissau,2,0,0,2
2020-03-29,Ivory Coast,165,1,4,160
2020-03-29,Kenya,42,1,1,40
2020-03-29,Liberia,3,0,0,3
2020-03-29,Libya,8,0,0,8
2020-03-29,Madagascar,39,0,0,39
2020-03-29,Mali,18,1,0,17
2020-03-29,Mauritania,5,0,2,3
2020-03-29,Mauritius,107,3,0,104
2020-03-29,Morocco,479,26,13,440
2020-03-29,Mozambique,8,0,0,8
2020-03-29,Namibia,11,0,2,9
2020-03-29,Niger,18,1,0,17
2020-03-29,Nigeria,111,1,3,107
2020-03-29,Rwanda,70,0,0,70
2020-03-29,Senegal,142,0,27,115
2020-03-29,Seychelles,8,0,0,8
2020-03-29,Somalia,3,0,0,3
2020-03-29,South Africa,1280,2,31,1247
2020-03-29,Sudan,6,1,0,5
2020-03-29,Tanzania,14,0,1,13
2020-03-29,Togo,25,1,1,23
2020-03-29,Tunisia,312,8,2,302
2020-03-29,Uganda,33,0,0,33
2020-03-29,Zambia,29,0,0,29
2020-03-29,Zimbabwe,7,1,0,6
2020-03-30,Algeria,584,35,37,512
2020-03-30,Angola,7,2,0,5
2020-03-30,Benin,6,0,0,6
2020-03-30,Botswana,3,0,0,3
2020-03-30,Burkina Faso,246,12,31,203
2020-03-30,Cabo Verde,6,1,0,5
2020-03-30,Cameroon,139,6,5,128
2020-03-30,Central African Republic,3,0,0,3
2020-03-30,Chad,5,0,0,5
2020-03-30,Congo (Brazzaville),19,0,0,19
2020-03-30,Congo (Kinshasa),81,8,2,71
2020-03-30,Djibouti,18,0,0,18
2020-03-30,Egypt,656,41,150,465
2020-03-30,Equatorial Guinea,12,0,0,12
2020-03-30,Eritrea,12,0,0,12
2020-03-30,Eswatini,9,0,0,9
2020-03-30,Ethiopia,23,0,4,19
2020-03-30,Gabon,7,1,0,6
2020-03-30,Gambia,4,1,0,3
2020-03-30,Ghana,152,5,2,145
2020-03-30,Guinea,22,0,0,22
2020-03-30,Guinea-Bissau,8,0,0,8
2020-03-30,Ivory Coast,168,1,6,161
2020-03-30,Kenya,50,1,1,48
2020-03-30,Liberia,3,0,0,3
2020-03-30,Libya,8,0,0,8
2020-03-30,Madagascar,43,0,0,43
2020-03-30,Mali,25,2,0,23
2020-03-30,Mauritania,5,1,2,2
2020-03-30,Mauritius,128,3,0,125
2020-03-30,Morocco,556,33,15,508
2020-03-30,Mozambique,8,0,0,8
2020-03-30,Namibia,11,0,2,9
2020-03-30,Niger,27,3,0,24
2020-03-30,Nigeria,131,2,8,121
2020-03-30,Rwanda,70,0,0,70
2020-03-30,Senegal,162,0,27,135
2020-03-30,Seychelles,8,0,0,8
2020-03-30,Somalia,3,0,0,3
2020-03-30,South Africa,1326,3,31,1292
2020-03-30,Sudan,6,2,0,4
2020-03-30,Tanzania,19,0,1,18
2020-03-30,Togo,30,1,1,28
2020-03-30,Tunisia,312,8,3,301
2020-03-30,Uganda,33,0,0,33
2020-03-30,Zambia,35,0,0,35
2020-03-30,Zimbabwe,7,1,0,6
2020-03-31,Algeria,716,44,46,626
2020-03-31,Angola,7,2,1,4
2020-03-31,Benin,9,0,1,8
2020-03-31,Botswana,4,1,0,3
2020-03-31,Burkina Faso,261,14,32,215
2020-03-31,Burundi,2,0,0,2
2020-03-31,Cabo Verde,6,1,0,5
2020-03-31,Cameroon,193,6,5,182
2020-03-31,Central African Republic,3,0,0,3
2020-03-31,Chad,7,0,0,7
2020-03-31,Congo (Brazzaville),19,0,0,19
2020-03-31,Congo (Kinshasa),98,8,2,88
2020-03-31,Djibouti,30,0,0,30
2020-03-31,Egypt,710,46,157,507
2020-03-31,Equatorial Guinea,12,0,1,11
2020-03-31,Eritrea,15,0,0,15
2020-03-31,Eswatini,9,0,0,9
2020-03-31,Ethiopia,26,0,2,24
2020-03-31,Gabon,16,1,0,15
2020-03-31,Gambia,4,1,0,3
2020-03-31,Ghana,161,5,31,125
2020-03-31,Guinea,22,0,0,22
2020-03-31,Guinea-Bissau,8,0,0,8
2020-03-31,Ivory Coast,179,1,7,171
2020-03-31,Kenya,59,1,1,57
2020-03-31,Liberia,3,0,0,3
2020-03-31,Libya,10,0,1,9
2020-03-31,Madagascar,57,0,0,57
2020-03-31,Mali,28,2,0,26
2020-03-31,Mauritania,6,1,2,3
2020-03-31,Mauritius,143,5,0,138
2020-03-31,Morocco,617,36,24,557
2020-03-31,Mozambique,8,0,0,8
2020-03-31,Namibia,11,0,2,9
2020-03-31,Niger,27,3,0,24
2020-03-31,Nigeria,135,2,8,125
2020-03-31,Rwanda,75,0,0,75
2020-03-31,Senegal,175,0,40,135
2020-03-31,Seychelles,10,0,0,10
2020-03-31,Sierra Leone,1,0,0,1
2020-03-31,Somalia,5,0,1,4
2020-03-31,South Africa,1353,5,31,1317
2020-03-31,Sudan,7,2,1,4
2020-03-31,Tanzania,19,1,1,17
2020-03-31,Togo,34,1,10,23
2020-03-31,Tunisia,394,10,3,381
2020-03-31,Uganda,44,0,0,44
2020-03-31,Zambia,35,0,0,35
2020-03-31,Zimbabwe,8,1,0,7
2020-04-01,Algeria,847,58,61,728
2020-04-01,Angola,8,2,1,5
2020-04-01,Benin,13,0,1,12
2020-04-01,Botswana,4,1,0,3
2020-04-01,Burkina Faso,282,16,46,220
2020-04-01,Burundi,2,0,0,2
2020-04-01,Cabo Verde,6,1,0,5
2020-04-01,Cameroon,233,6,10,217
2020-04-01,Central African Republic,3,0,0,3
2020-04-01,Chad,7,0,0,7
2020-04-01,Congo (Brazzaville),19,0,0,19
2020-04-01,Congo (Kinshasa),109,9,3,97
2020-04-01,Djibouti,33,0,0,33
2020-04-01,Egypt,779,52,179,548
2020-04-01,Equatorial Guinea,15,0,1,14
2020-04-01,Eritrea,15,0,0,15
2020-04-01,Eswatini,9,0,0,9
2020-04-01,Ethiopia,29,0,2,27
2020-04-01,Gabon,18,1,0,17
2020-04-01,Gambia,4,1,2,1
2020-04-01,Ghana,195,5,31,159
2020-04-01,Guinea,30,0,0,30
2020-04-01,Guinea-Bissau,9,0,0,9
2020-04-01,Ivory Coast,190,1,9,180
2020-04-01,Kenya,81,1,3,77
2020-04-01,Liberia,6,0,0,6
2020-04-01,Libya,10,0,0,10
2020-04-01,Madagascar,57,0,0,57
2020-04-01,Mali,31,3,0,28
2020-04-01,Mauritania,6,1,2,3
2020-04-01,Mauritius,161,6,0,155
2020-04-01,Morocco,654,39,29,586
2020-04-01,Mozambique,10,0,0,10
2020-04-01,Namibia,14,0,2,12
2020-04-01,Niger,74,5,0,69
2020-04-01,Nigeria,174,2,9,163
2020-04-01,Rwanda,82,0,0,82
2020-04-01,Senegal,190,1,45,144
2020-04-01,Seychelles,10,0,0,10
2020-04-01,Sierra Leone,2,0,0,2
2020-04-01,Somalia,5,0,1,4
2020-04-01,South Africa,1380,5,50,1325
2020-04-01,Sudan,7,2,2,3
2020-04-01,Tanzania,20,1,1,18
2020-04-01,Togo,36,2,10,24
2020-04-01,Tunisia,423,12,5,406
2020-04-01,Uganda,44,0,0,44
2020-04-01,Zambia,36,0,0,36
2020-04-01,Zimbabwe,8,1,0,7
2020-04-02,Algeria,986,86,61,839
2020-04-02,Angola,8,2,1,5
2020-04-02,Benin,13,0,1,12
2020-04-02,Botswana,4,1,0,3
2020-04-02,Burkina Faso,288,16,50,222
2020-04-02,Burundi,3,0,0,3
2020-04-02,Cabo Verde,6,1,0,5
2020-04-02,Cameroon,306,7,10,289
2020-04-02,Central African Republic,3,0,0,3
2020-04-02,Chad,8,0,0,8
2020-04-02,Congo (Brazzaville),22,2,2,18
2020-04-02,Congo (Kinshasa),134,13,3,118
2020-04-02,Djibouti,40,0,0,40
2020-04-02,Egypt,865,58,201,606
2020-04-02,Equatorial Guinea,15,0,1,14
2020-04-02,Eritrea,22,0,0,22
2020-04-02,Eswatini,9,0,0,9
2020-04-02,Ethiopia,29,0,3,26
2020-04-02,Gabon,21,1,0,20
2020-04-02,Gambia,4,1,2,1
2020-04-02,Ghana,204,5,31,168
2020-04-02,Guinea,52,0,0,52
2020-04-02,Guinea-Bissau,9,0,0,9
2020-04-02,Ivory Coast,194,1,15,178
2020-04-02,Kenya,110,3,4,103
2020-04-02,Liberia,6,0,0,6
2020-04-02,Libya,11,1,0,10
2020-04-02,Madagascar,59,0,0,59
2020-04-02,Malawi,3,0,0,3
2020-04-02,Mali,36,3,0,33
2020-04-02,Mauritania,6,1,2,3
2020-04-02,Mauritius,169,7,0,162
2020-04-02,Morocco,708,44,31,633
2020-04-02,Mozambique,10,0,0,10
2020-04-02,Namibia,14,0,3,11
2020-04-02,Niger,98,5,0,93
2020-04-02,Nigeria,184,2,20,162
2020-04-02,Rwanda,84,0,0,84
2020-04-02,Senegal,195,1,55,139
2020-04-02,Seychelles,10,0,0,10
2020-04-02,Sierra Leone,2,0,0,2
2020-04-02,Somalia,5,0,1,4
2020-04-02,South Africa,1462,5,50,1407
2020-04-02,Sudan,8,2,2,4
2020-04-02,Tanzania,20,1,2,17
2020-04-02,Togo,39,2,17,20
2020-04-02,Tunisia,455,14,5,436
2020-04-02,Uganda,45,0,0,45
2020-04-02,Zambia,39,1,0,38
2020-04-02,Zimbabwe,9,1,0,8
2020-04-03,Algeria,1171,105,62,1004
2020-04-03,Angola,8,2,1,5
2020-04-03,Benin,16,0,2,14
2020-04-03,Botswana,4,1,0,3
2020-04-03,Burkina Faso,302,16,50,236
2020-04-03,Burundi,3,0,0,3
2020-04-03,Cabo Verde,6,1,0,5
2020-04-03,Cameroon,509,8,17,484
2020-04-03,Central African Republic,8,0,0,8
2020-04-03,Chad,8,0,0,8
2020-04-03,Congo (Brazzaville),22,2,2,18
2020-04-03,Congo (Kinshasa),134,13,3,118
2020-04-03,Djibouti,49,0,8,41
2020-04-03,Egypt,985,66,216,703
2020-04-03,Equatorial Guinea,16,0,1,15
2020-04-03,Eritrea,22,0,0,22
2020-04-03,Eswatini,9,0,0,9
2020-04-03,Ethiopia,35,0,3,32
2020-04-03,Gabon,21,1,1,19
2020-04-03,Gambia,4,1,2,1
2020-04-03,Ghana,205,5,31,169
2020-04-03,Guinea,73,0,2,71
2020-04-03,Guinea-Bissau,15,0,0,15
2020-04-03,Ivory Coast,218,1,19,198
2020-04-03,Kenya,122,4,4,114
2020-04-03,Liberia,7,0,0,7
2020-04-03,Libya,11,1,0,10
2020-04-03,Madagascar,70,0,0,70
2020-04-03,Malawi,3,0,0,3
2020-04-03,Mali,39,3,0,36
2020-04-03,Mauritania,6,1,2,3
2020-04-03,Mauritius,186,7,0,179
2020-04-03,Morocco,791,48,57,686
2020-04-03,Mozambique,10,0,0,10
2020-04-03,Namibia,14,0,3,11
2020-04-03,Niger,120,5,0,115
2020-04-03,Nigeria,210,4,25,181
2020-04-03,Rwanda,89,0,0,89
2020-04-03,Senegal,207,1,66,140
2020-04-03,Seychelles,10,0,0,10
2020-04-03,Sierra Leone,2,0,0,2
2020-04-03,Somalia,7,0,1,6
2020-04-03,South Africa,1505,9,95,1401
2020-04-03,Sudan,10,2,2,6
2020-04-03,Tanzania,20,1,3,16
2020-04-03,Togo,40,3,17,20
2020-04-03,Tunisia,495,18,5,472
2020-04-03,Uganda,48,0,0,48
2020-04-03,Zambia,39,1,2,36
2020-04-03,Zimbabwe,9,1,0,8
2020-04-04,Algeria,1251,130,90,1031
2020-04-04,Angola,10,2,2,6
2020-04-04,Benin,16,0,2,14
2020-04-04,Botswana,4,1,0,3
2020-04-04,Burkina Faso,318,16,66,236
2020-04-04,Burundi,3,0,0,3
2020-04-04,Cabo Verde,7,1,0,6
2020-04-04,Cameroon,555,9,17,529
2020-04-04,Central African Republic,8,0,0,8
2020-04-04,Chad,9,0,0,9
2020-04-04,Congo (Brazzaville),22,2,2,18
2020-04-04,Congo (Kinshasa),154,18,3,133
2020-04-04,Djibouti,50,0,8,42
2020-04-04,Egypt,1070,71,241,758
2020-04-04,Equatorial Guinea,16,0,1,15
2020-04-04,Eritrea,29,0,0,29
2020-04-04,Eswatini,9,0,0,9
2020-04-04,Ethiopia,38,0,4,34
2020-04-04,Gabon,21,1,1,19
2020-04-04,Gambia,4,1,2,1
2020-04-04,Ghana,205,5,31,169
2020-04-04,Guinea,111,0,5,106
2020-04-04,Guinea-Bissau,18,0,0,18
2020-04-04,Ivory Coast,245,1,25,219
2020-04-04,Kenya,126,4,4,118
2020-04-04,Liberia,10,1,3,6
2020-04-04,Libya,18,1,0,17
2020-04-04,Madagascar,70,0,0,70
2020-04-04,Malawi,4,0,0,4
2020-04-04,Mali,41,3,1,37
2020-04-04,Mauritania,6,1,2,3
2020-04-04,Mauritius,196,7,7,182
2020-04-04,Morocco,919,59,66,794
2020-04-04,Mozambique,10,0,1,9
2020-04-04,Namibia,14,0,3,11
2020-04-04,Niger,144,8,0,136
2020-04-04,Nigeria,214,4,25,185
2020-04-04,Rwanda,102,0,0,102
2020-04-04,Senegal,219,2,72,145
2020-04-04,Seychelles,10,0,0,10
2020-04-04,Sierra Leone,4,0,0,4
2020-04-04,Somalia,7,0,1,6
2020-04-04,South Africa,1585,9,95,1481
2020-04-04,Sudan,10,2,2,6
2020-04-04,Tanzania,20,1,3,16
2020-04-04,Togo,41,3,17,21
2020-04-04,Tunisia,553,18,5,530
2020-04-04,Uganda,48,0,0,48
2020-04-04,Zambia,39,1,2,36
2020-04-04,Zimbabwe,9,1,0,8
2020-04-05,Algeria,1320,152,90,1078
2020-04-05,Angola,14,2,2,10
2020-04-05,Benin,22,0,5,17
2020-04-05,Botswana,6,1,0,5
2020-04-05,Burkina Faso,345,17,90,238
2020-04-05,Burundi,3,0,0,3
2020-04-05,Cabo Verde,7,1,0,6
2020-04-05,Cameroon,650,9,17,624
2020-04-05,Central African Republic,8,0,0,8
2020-04-05,Chad,9,0,0,9
2020-04-05,Congo (Brazzaville),45,5,2,38
2020-04-05,Congo (Kinshasa),154,18,3,133
2020-04-05,Djibouti,59,0,9,50
2020-04-05,Egypt,1173,78,247,848
2020-04-05,Equatorial Guinea,16,0,1,15
2020-04-05,Eritrea,29,0,0,29
2020-04-05,Eswatini,9,0,0,9
2020-04-05,Ethiopia,43,2,4,37
2020-04-05,Gabon,21,1,1,19
2020-04-05,Gambia,4,1,2,1
2020-04-05,Ghana,214,5,31,178
2020-04-05,Guinea,121,0,5,116
2020-04-05,Guinea-Bissau,18,0,0,18
2020-04-05,Ivory Coast,261,3,37,221
2020-04-05,Kenya,142,4,4,134
2020-04-05,Liberia,13,3,3,7
2020-04-05,Libya,18,1,0,17
2020-04-05,Madagascar,72,0,2,70
2020-04-05,Malawi,4,0,0,4
2020-04-05,Mali,45,5,1,39
2020-04-05,Mauritania,6,1,2,3
2020-04-05,Mauritius,227,7,7,213
2020-04-05,Morocco,1021,70,76,875
2020-04-05,Mozambique,10,0,1,9
2020-04-05,Namibia,16,0,3,13
2020-04-05,Niger,184,10,13,161
2020-04-05,Nigeria,232,5,33,194
2020-04-05,Rwanda,104,0,4,100
2020-04-05,Senegal,222,2,82,138
2020-04-05,Seychelles,10,0,0,10
2020-04-05,Sierra Leone,6,0,0,6
2020-04-05,Somalia,7,0,1,6
2020-04-05,South Africa,1655,11,95,1549
2020-04-05,South Sudan,1,0,0,1
2020-04-05,Sudan,12,2,2,8
2020-04-05,Tanzania,22,1,3,18
2020-04-05,Togo,44,3,20,21
2020-04-05,Tunisia,574,22,5,547
2020-04-05,Uganda,52,0,0,52
2020-04-05,Zambia,39,1,3,35
2020-04-05,Zimbabwe,9,1,0,8
2020-04-06,Algeria,1423,173,90,1160
2020-04-06,Angola,16,2,2,12
2020-04-06,Benin,26,1,5,20
2020-04-06,Botswana,6,1,0,5
2020-04-06,Burkina Faso,364,18,108,238
2020-04-06,Burundi,3,0,0,3
2020-04-06,Cabo Verde,7,1,1,5
2020-04-06,Cameroon,658,9,17,632
2020-04-06,Central African Republic,8,0,0,8
2020-04-06,Chad,9,0,0,9
2020-04-06,Congo (Brazzaville),45,5,2,38
2020-04-06,Congo (Kinshasa),161,18,5,138
2020-04-06,Djibouti,90,0,9,81
2020-04-06,Egypt,1322,85,259,978
2020-04-06,Equatorial Guinea,16,0,3,13
2020-04-06,Eritrea,31,0,0,31
2020-04-06,Eswatini,10,0,4,6
2020-04-06,Ethiopia,44,2,4,38
2020-04-06,Gabon,24,1,1,22
2020-04-06,Gambia,4,1,2,1
2020-04-06,Ghana,214,5,31,178
2020-04-06,Guinea,128,0,5,123
2020-04-06,Guinea-Bissau,18,0,0,18
2020-04-06,Ivory Coast,323,3,41,279
2020-04-06,Kenya,158,6,4,148
2020-04-06,Liberia,14,3,3,8
2020-04-06,Libya,19,1,1,17
2020-04-06,Madagascar,82,0,2,80
2020-04-06,Malawi,5,0,0,5
2020-04-06,Mali,47,5,9,33
2020-04-06,Mauritania,6,1,2,3
2020-04-06,Mauritius,244,7,7,230
2020-04-06,Morocco,1120,80,81,959
2020-04-06,Mozambique,10,0,1,9
2020-04-06,Namibia,16,0,3,13
2020-04-06,Niger,253,10,26,217
2020-04-06,Nigeria,238,5,35,198
2020-04-06,Rwanda,105,0,4,101
2020-04-06,Sao Tome and Principe,4,0,0,4
2020-04-06,Senegal,226,2,92,132
2020-04-06,Seychelles,11,0,0,11
2020-04-06,Sierra Leone,6,0,0,6
2020-04-06,Somalia,7,0,1,6
2020-04-06,South Africa,1686,12,95,1579
2020-04-06,South Sudan,1,0,0,1
2020-04-06,Sudan,12,2,2,8
2020-04-06,Tanzania,24,1,3,20
2020-04-06,Togo,58,3,23,32
2020-04-06,Tunisia,596,22,5,569
2020-04-06,Uganda,52,0,0,52
2020-04-06,Zambia,39,1,5,33
2020-04-06,Zimbabwe,10,1,0,9
2020-04-07,Algeria,1468,193,113,1162
2020-04-07,Angola,17,2,2,13
2020-04-07,Benin,26,1,5,20
2020-04-07,Botswana,6,1,0,5
2020-04-07,Burkina Faso,384,19,127,238
2020-04-07,Burundi,3,0,0,3
2020-04-07,Cabo Verde,7,1,1,5
2020-04-07,Cameroon,658,9,43,606
2020-04-07,Central African Republic,8,0,0,8
2020-04-07,Chad,10,0,2,8
2020-04-07,Congo (Brazzaville),45,5,2,38
2020-04-07,Congo (Kinshasa),180,18,9,153
2020-04-07,Djibouti,90,0,9,81
2020-04-07,Egypt,1450,94,276,1080
2020-04-07,Equatorial Guinea,16,0,3,13
2020-04-07,Eritrea,31,0,0,31
2020-04-07,Eswatini,10,0,4,6
2020-04-07,Ethiopia,52,2,4,46
2020-04-07,Gabon,30,1,1,28
2020-04-07,Gambia,4,1,2,1
2020-04-07,Ghana,287,5,31,251
2020-04-07,Guinea,144,0,5,139
2020-04-07,Guinea-Bissau,33,0,0,33
2020-04-07,Ivory Coast,349,3,41,305
2020-04-07,Kenya,172,6,7,159
2020-04-07,Liberia,14,3,3,8
2020-04-07,Libya,20,1,1,18
2020-04-07,Madagascar,88,0,7,81
2020-04-07,Malawi,8,1,0,7
2020-04-07,Mali,56,5,12,39
2020-04-07,Mauritania,6,1,2,3
2020-04-07,Mauritius,268,7,8,253
2020-04-07,Morocco,1184,90,93,1001
2020-04-07,Mozambique,10,0,1,9
2020-04-07,Namibia,16,0,3,13
2020-04-07,Niger,278,11,26,241
2020-04-07,Nigeria,254,6,44,204
2020-04-07,Rwanda,105,0,7,98
2020-04-07,Sao Tome and Principe,4,0,0,4
2020-04-07,Senegal,237,2,105,130
2020-04-07,Seychelles,11,0,0,11
2020-04-07,Sierra Leone,6,0,0,6
2020-04-07,Somalia,8,0,1,7
2020-04-07,South Africa,1749,13,95,1641
2020-04-07,South Sudan,2,0,0,2
2020-04-07,Sudan,14,2,2,10
2020-04-07,Tanzania,24,1,5,18
2020-04-07,Togo,65,3,23,39
2020-04-07,Tunisia,623,23,25,575
2020-04-07,Uganda,52,0,0,52
2020-04-07,Zambia,39,1,7,31
2020-04-07,Zimbabwe,11,2,0,9
2020-04-08,Algeria,1572,205,237,1130
2020-04-08,Angola,19,2,2,15
2020-04-08,Benin,26,1,5,20
2020-04-08,Botswana,6,1,0,5
2020-04-08,Burkina Faso,414,23,134,257
2020-04-08,Burundi,3,0,0,3
2020-04-08,Cabo Verde,7,1,1,5
2020-04-08,Cameroon,730,10,60,660
2020-04-08,Central African Republic,8,0,0,8
2020-04-08,Chad,10,0,2,8
2020-04-08,Congo (Brazzaville),45,5,2,38
2020-04-08,Congo (Kinshasa),180,18,9,153
2020-04-08,Djibouti,135,0,25,110
2020-04-08,Egypt,1560,103,305,1152
2020-04-08,Equatorial Guinea,18,0,3,15
2020-04-08,Eritrea,33,0,0,33
2020-04-08,Eswatini,12,0,7,5
2020-04-08,Ethiopia,55,2,4,49
2020-04-08,Gabon,34,1,1,32
2020-04-08,Gambia,4,1,2,1
2020-04-08,Ghana,313,6,34,273
2020-04-08,Guinea,164,0,5,159
2020-04-08,Guinea-Bissau,33,0,0,33
2020-04-08,Ivory Coast,384,3,48,333
2020-04-08,Kenya,179,6,9,164
2020-04-08,Liberia,31,4,3,24
2020-04-08,Libya,21,1,8,12
2020-04-08,Madagascar,93,0,11,82
2020-04-08,Malawi,8,1,0,7
2020-04-08,Mali,59,7,16,36
2020-04-08,Mauritania,6,1,2,3
2020-04-08,Mauritius,273,7,19,247
2020-04-08,Morocco,1275,93,97,1085
2020-04-08,Mozambique,17,0,1,16
2020-04-08,Namibia,16,0,3,13
2020-04-08,Niger,342,11,28,303
2020-04-08,Nigeria,276,6,44,226
2020-04-08,Rwanda,110,0,7,103
2020-04-08,Sao Tome and Principe,4,0,0,4
2020-04-08,Senegal,244,2,113,129
2020-04-08,Seychelles,11,0,0,11
2020-04-08,Sierra Leone,7,0,0,7
2020-04-08,Somalia,12,1,1,10
2020-04-08,South Africa,1845,18,95,1732
2020-04-08,South Sudan,2,0,0,2
2020-04-08,Sudan,14,2,2,10
2020-04-08,Tanzania,25,1,5,19
2020-04-08,Togo,70,3,23,44
2020-04-08,Tunisia,628,24,25,579
2020-04-08,Uganda,53,0,0,53
2020-04-08,Zambia,39,1,7,31
2020-04-08,Zimbabwe,11,3,0,8
2020-04-09,Algeria,1666,235,347,1084
2020-04-09,Angola,19,2,2,15
2020-04-09,Benin,26,1,5,20
2020-04-09,Botswana,13,1,0,12
2020-04-09,Burkina Faso,443,24,146,273
2020-04-09,Burundi,3,0,0,3
2020-04-09,Cabo Verde,7,1,1,5
2020-04-09,Cameroon,730,10,60,660
2020-04-09,Central African Republic,8,0,0,8
2020-04-09,Chad,11,0,2,9
2020-04-09,Congo (Brazzaville),60,5,5,50
2020-04-09,Congo (Kinshasa),180,18,9,153
2020-04-09,Djibouti,135,0,25,110
2020-04-09,Egypt,1699,118,348,1233
2020-04-09,Equatorial Guinea,18,0,3,15
2020-04-09,Eritrea,33,0,0,33
2020-04-09,Eswatini,12,0,7,5
2020-04-09,Ethiopia,56,2,4,50
2020-04-09,Gabon,44,1,1,42
2020-04-09,Gambia,4,1,2,1
2020-04-09,Ghana,378,6,3,369
2020-04-09,Guinea,194,0,11,183
2020-04-09,Guinea-Bissau,36,0,0,36
2020-04-09,Ivory Coast,444,3,52,389
2020-04-09,Kenya,184,7,12,165
2020-04-09,Liberia,31,4,3,24
2020-04-09,Libya,24,1,8,15
2020-04-09,Madagascar,93,0,11,82
2020-04-09,Malawi,8,1,0,7
2020-04-09,Mali,74,7,22,45
2020-04-09,Mauritania,7,1,2,4
2020-04-09,Mauritius,314,7,23,284
2020-04-09,Morocco,1374,97,109,1168
2020-04-09,Mozambique,17,0,1,16
2020-04-09,Namibia,16,0,3,13
2020-04-09,Niger,410,11,40,359
2020-04-09,Nigeria,288,7,51,230
2020-04-09,Rwanda,110,0,7,103
2020-04-09,Sao Tome and Principe,4,0,0,4
2020-04-09,Senegal,250,2,123,125
2020-04-09,Seychelles,11,0,0,11
2020-04-09,Sierra Leone,7,0,0,7
2020-04-09,Somalia,12,1,1,10
2020-04-09,South Africa,1934,18,95,1821
2020-04-09,South Sudan,3,0,0,3
2020-04-09,Sudan,15,2,2,11
2020-04-09,Tanzania,25,1,5,19
2020-04-09,Togo,73,3,24,46
2020-04-09,Tunisia,643,25,25,593
2020-04-09,Uganda,53,0,0,53
2020-04-09,Zambia,39,1,24,14
2020-04-09,Zimbabwe,11,3,0,8
2020-04-10,Algeria,1761,256,405,1100
2020-04-10,Angola,19,2,2,15
2020-04-10,Benin,35,1,5,29
2020-04-10,Botswana,13,1,0,12
2020-04-10,Burkina Faso,443,24,146,273
2020-04-10,Burundi,3,0,0,3
2020-04-10,Cabo Verde,7,1,1,5
2020-04-10,Cameroon,820,12,98,710
2020-04-10,Central African Republic,8,0,0,8
2020-04-10,Chad,11,0,2,9
2020-04-10,Congo (Brazzaville),60,5,5,50
2020-04-10,Congo (Kinshasa),215,20,13,182
2020-04-10,Djibouti,150,1,36,113
2020-04-10,Egypt,1794,135,384,1275
2020-04-10,Equatorial Guinea,18,0,3,15
2020-04-10,Eritrea,34,0,0,34
2020-04-10,Eswatini,12,0,7,5
2020-04-10,Ethiopia,65,3,4,58
2020-04-10,Gabon,44,1,1,42
2020-04-10,Gambia,4,1,2,1
2020-04-10,Ghana,378,6,4,368
2020-04-10,Guinea,212,0,15,197
2020-04-10,Guinea-Bissau,36,0,0,36
2020-04-10,Ivory Coast,444,3,52,389
2020-04-10,Kenya,189,7,22,160
2020-04-10,Liberia,37,5,3,29
2020-04-10,Libya,24,1,8,15
2020-04-10,Madagascar,93,0,11,82
2020-04-10,Malawi,9,1,0,8
2020-04-10,Mali,87,7,22,58
2020-04-10,Mauritania,7,1,2,4
2020-04-10,Mauritius,318,9,23,286
2020-04-10,Morocco,1448,107,122,1219
2020-04-10,Mozambique,20,0,2,18
2020-04-10,Namibia,16,0,3,13
2020-04-10,Niger,438,11,41,386
2020-04-10,Nigeria,305,7,58,240
2020-04-10,Rwanda,118,0,7,111
2020-04-10,Sao Tome and Principe,4,0,0,4
2020-04-10,Senegal,265,2,137,126
2020-04-10,Seychelles,11,0,0,11
2020-04-10,Sierra Leone,8,0,0,8
2020-04-10,Somalia,21,1,1,19
2020-04-10,South Africa,2003,24,410,1569
2020-04-10,South Sudan,4,0,0,4
2020-04-10,Sudan,17,2,2,13
2020-04-10,Tanzania,32,3,5,24
2020-04-10,Togo,76,3,25,48
2020-04-10,Tunisia,671,25,25,621
2020-04-10,Uganda,53,0,0,53
2020-04-10,Zambia,40,2,25,13
2020-04-10,Zimbabwe,13,3,0,10
2020-04-11,Algeria,1825,275,460,1090
2020-04-11,Angola,19,2,4,13
2020-04-11,Benin,35,1,5,29
2020-04-11,Botswana,13,1,0,12
2020-04-11,Burkina Faso,484,27,155,302
2020-04-11,Burundi,5,0,0,5
2020-04-11,Cabo Verde,8,1,1,6
2020-04-11,Cameroon,820,12,98,710
2020-04-11,Central African Republic,8,0,0,8
2020-04-11,Chad,11,0,2,9
2020-04-11,Congo (Brazzaville),60,5,5,50
2020-04-11,Congo (Kinshasa),223,20,16,187
2020-04-11,Ivory Coast,533,4,58,471
2020-04-11,Djibouti,187,2,36,149
2020-04-11,Egypt,1939,146,426,1367
2020-04-11,Equatorial Guinea,18,0,3,15
2020-04-11,Eritrea,34,0,0,34
2020-04-11,Eswatini,12,0,7,5
2020-04-11,Ethiopia,69,3,10,56
2020-04-11,Gabon,46,1,1,44
2020-04-11,Gambia,9,1,2,6
2020-04-11,Ghana,408,8,4,396
2020-04-11,Guinea,250,0,17,233
2020-04-11,Guinea-Bissau,38,0,0,38
2020-04-11,Kenya,191,7,24,160
2020-04-11,Liberia,48,5,3,40
2020-04-11,Libya,24,1,8,15
2020-04-11,Madagascar,102,0,11,91
2020-04-11,Malawi,12,2,0,10
2020-04-11,Mali,87,7,22,58
2020-04-11,Mauritania,7,1,2,4
2020-04-11,Mauritius,319,9,28,282
2020-04-11,Morocco,1545,111,146,1288
2020-04-11,Mozambique,20,0,2,18
2020-04-11,Namibia,16,0,3,13
2020-04-11,Niger,491,11,41,439
2020-04-11,Nigeria,318,10,70,238
2020-04-11,Rwanda,120,0,18,102
2020-04-11,Sao Tome and Principe,4,0,0,4
2020-04-11,Senegal,278,2,152,124
2020-04-11,Seychelles,11,0,0,11
2020-04-11,Sierra Leone,8,0,0,8
2020-04-11,Somalia,21,1,1,19
2020-04-11,South Africa,2028,25,410,1593
2020-04-11,South Sudan,4,0,0,4
2020-04-11,Sudan,19,2,2,15
2020-04-11,Tanzania,32,3,5,24
2020-04-11,Togo,76,3,25,48
2020-04-11,Tunisia,685,28,43,614
2020-04-11,Uganda,53,0,4,49
2020-04-11,Zambia,40,2,28,10
2020-04-11,Zimbabwe,14,3,0,11
2020-04-12,Algeria,1914,293,591,1030
2020-04-12,Angola,19,2,4,13
2020-04-12,Benin,35,1,5,29
2020-04-12,Botswana,13,1,0,12
2020-04-12,Burkina Faso,497,27,161,309
2020-04-12,Burundi,5,0,0,5
2020-04-12,Cabo Verde,8,1,1,6
2020-04-12,Cameroon,820,12,98,710
2020-04-12,Central African Republic,8,0,0,8
2020-04-12,Chad,18,0,2,16
2020-04-12,Congo (Brazzaville),60,5,5,50
2020-04-12,Congo (Kinshasa),234,20,16,198
2020-04-12,Ivory Coast,574,5,85,484
2020-04-12,Djibouti,214,2,36,176
2020-04-12,Egypt,2065,159,589,1317
2020-04-12,Equatorial Guinea,21,0,3,18
2020-04-12,Eritrea,34,0,0,34
2020-04-12,Eswatini,14,0,7,7
2020-04-12,Ethiopia,71,3,10,58
2020-04-12,Gabon,49,1,1,47
2020-04-12,Gambia,9,1,2,6
2020-04-12,Ghana,566,8,4,554
2020-04-12,Guinea,250,0,17,233
2020-04-12,Guinea-Bissau,38,0,0,38
2020-04-12,Kenya,197,8,25,164
2020-04-12,Liberia,50,5,3,42
2020-04-12,Libya,25,1,9,15
2020-04-12,Madagascar,106,0,20,86
2020-04-12,Malawi,13,2,0,11
2020-04-12,Mali,105,9,22,74
2020-04-12,Mauritania,7,1,2,4
2020-04-12,Mauritius,324,9,42,273
2020-04-12,Morocco,1661,118,177,1366
2020-04-12,Mozambique,21,0,2,19
2020-04-12,Namibia,16,0,3,13
2020-04-12,Niger,529,12,75,442
2020-04-12,Nigeria,323,10,85,228
2020-04-12,Rwanda,126,0,25,101
2020-04-12,Sao Tome and Principe,4,0,0,4
2020-04-12,Senegal,280,2,171,107
2020-04-12,Seychelles,11,0,0,11
2020-04-12,Sierra Leone,10,0,0,10
2020-04-12,Somalia,25,1,2,22
2020-04-12,South Africa,2173,25,410,1738
2020-04-12,South Sudan,4,0,0,4
2020-04-12,Sudan,19,2,2,15
2020-04-12,Tanzania,32,3,5,24
2020-04-12,Togo,76,3,29,44
2020-04-12,Tunisia,707,31,43,633
2020-04-12,Uganda,54,0,4,50
2020-04-12,Zambia,43,2,30,11
2020-04-12,Zimbabwe,14,3,0,11
2020-04-13,Algeria,1983,313,601,1069
2020-04-13,Angola,19,2,4,13
2020-04-13,Benin,35,1,5,29
2020-04-13,Botswana,13,1,0,12
2020-04-13,Burkina Faso,497,27,161,309
2020-04-13,Burundi,5,1,0,4
2020-04-13,Cabo Verde,10,1,1,8
2020-04-13,Cameroon,820,12,98,710
2020-04-13,Central African Republic,11,0,3,8
2020-04-13,Chad,23,0,2,21
2020-04-13,Congo (Brazzaville),60,5,5,50
2020-04-13,Congo (Kinshasa),235,20,17,198
2020-04-13,Ivory Coast,626,6,89,531
2020-04-13,Djibouti,298,2,41,255
2020-04-13,Egypt,2190,164,589,1437
2020-04-13,Equatorial Guinea,21,0,4,17
2020-04-13,Eritrea,34,0,0,34
2020-04-13,Eswatini,15,0,7,8
2020-04-13,Ethiopia,74,3,14,57
2020-04-13,Gabon,57,1,1,55
2020-04-13,Gambia,9,1,2,6
2020-04-13,Ghana,566,8,4,554
2020-04-13,Guinea,319,0,17,302
2020-04-13,Guinea-Bissau,38,0,0,38
2020-04-13,Kenya,208,9,40,159
2020-04-13,Liberia,59,6,4,49
2020-04-13,Libya,26,1,9,16
2020-04-13,Madagascar,106,0,21,85
2020-04-13,Malawi,16,2,0,14
2020-04-13,Mali,123,10,26,87
2020-04-13,Mauritania,7,1,2,4
2020-04-13,Mauritius,324,9,42,273
2020-04-13,Morocco,1763,126,203,1434
2020-04-13,Mozambique,21,0,2,19
2020-04-13,Namibia,16,0,3,13
2020-04-13,Niger,529,12,75,442
2020-04-13,Nigeria,343,10,91,242
2020-04-13,Rwanda,127,0,42,85
2020-04-13,Sao Tome and Principe,4,0,0,4
2020-04-13,Senegal,291,2,178,111
2020-04-13,Seychelles,11,0,0,11
2020-04-13,Sierra Leone,10,0,0,10
2020-04-13,Somalia,60,2,2,56
2020-04-13,South Africa,2272,27,410,1835
2020-04-13,South Sudan,4,0,0,4
2020-04-13,Sudan,29,4,4,21
2020-04-13,Tanzania,49,3,7,39
2020-04-13,Togo,77,3,29,45
2020-04-13,Tunisia,726,34,43,649
2020-04-13,Uganda,54,0,7,47
2020-04-13,Zambia,45,2,30,13
2020-04-13,Zimbabwe,17,3,0,14
2020-04-14,Algeria,2070,326,691,1053
2020-04-14,Angola,19,2,5,12
2020-04-14,Benin,35,1,18,16
2020-04-14,Botswana,13,1,0,12
2020-04-14,Burkina Faso,528,30,177,321
2020-04-14,Burundi,5,1,0,4
2020-04-14,Cabo Verde,11,1,1,9
2020-04-14,Cameroon,848,14,130,704
2020-04-14,Central African Republic,11,0,4,7
2020-04-14,Chad,23,0,2,21
2020-04-14,Congo (Brazzaville),60,5,5,50
2020-04-14,Congo (Kinshasa),241,20,20,201
2020-04-14,Ivory Coast,638,6,114,518
2020-04-14,Djibouti,363,2,53,308
2020-04-14,Egypt,2350,178,589,1583
2020-04-14,Equatorial Guinea,41,0,4,37
2020-04-14,Eritrea,34,0,0,34
2020-04-14,Eswatini,15,0,8,7
2020-04-14,Ethiopia,82,3,14,65
2020-04-14,Gabon,57,1,1,55
2020-04-14,Gambia,9,1,2,6
2020-04-14,Ghana,636,8,17,611
2020-04-14,Guinea,363,0,31,332
2020-04-14,Guinea-Bissau,38,0,0,38
2020-04-14,Kenya,216,9,41,166
2020-04-14,Liberia,59,6,4,49
2020-04-14,Libya,35,1,9,25
2020-04-14,Madagascar,108,0,23,85
2020-04-14,Malawi,16,2,0,14
2020-04-14,Mali,144,13,34,97
2020-04-14,Mauritania,7,1,2,4
2020-04-14,Mauritius,324,9,51,264
2020-04-14,Morocco,1888,126,217,1545
2020-04-14,Mozambique,28,0,2,26
2020-04-14,Namibia,16,0,3,13
2020-04-14,Niger,570,14,90,466
2020-04-14,Nigeria,373,11,99,263
2020-04-14,Rwanda,134,0,49,85
2020-04-14,Sao Tome and Principe,4,0,0,4
2020-04-14,Senegal,299,2,183,114
2020-04-14,Seychelles,11,0,0,11
2020-04-14,Sierra Leone,11,0,0,11
2020-04-14,Somalia,60,2,2,56
2020-04-14,South Africa,2415,27,410,1978
2020-04-14,South Sudan,4,0,0,4
2020-04-14,Sudan,32,5,4,23
2020-04-14,Tanzania,53,3,7,43
2020-04-14,Togo,77,3,32,42
2020-04-14,Tunisia,747,34,43,670
2020-04-14,Uganda,55,0,8,47
2020-04-14,Zambia,45,2,30,13
2020-04-14,Zimbabwe,17,3,0,14
2020-04-15,Algeria,2160,336,708,1116
2020-04-15,Angola,19,2,5,12
2020-04-15,Benin,35,1,18,16
2020-04-15,Botswana,13,1,0,12
2020-04-15,Burkina Faso,542,32,226,284
2020-04-15,Burundi,5,1,0,4
2020-04-15,Cabo Verde,56,1,1,54
2020-04-15,Cameroon,848,17,165,666
2020-04-15,Central African Republic,12,0,4,8
2020-04-15,Chad,23,0,2,21
2020-04-15,Congo (Brazzaville),117,5,11,101
2020-04-15,Congo (Kinshasa),254,21,21,212
2020-04-15,Ivory Coast,638,6,114,518
2020-04-15,Djibouti,435,2,71,362
2020-04-15,Egypt,2505,183,589,1733
2020-04-15,Equatorial Guinea,51,0,4,47
2020-04-15,Eritrea,35,0,0,35
2020-04-15,Eswatini,15,0,8,7
2020-04-15,Ethiopia,85,3,15,67
2020-04-15,Gabon,80,1,4,75
2020-04-15,Gambia,9,1,2,6
2020-04-15,Ghana,636,8,17,611
2020-04-15,Guinea,404,1,31,372
2020-04-15,Guinea-Bissau,43,0,0,43
2020-04-15,Kenya,225,10,53,162
2020-04-15,Liberia,59,6,4,49
2020-04-15,Libya,48,1,9,38
2020-04-15,Madagascar,110,0,29,81
2020-04-15,Malawi,16,2,0,14
2020-04-15,Mali,148,13,34,101
2020-04-15,Mauritania,7,1,2,4
2020-04-15,Mauritius,324,9,65,250
2020-04-15,Morocco,2024,127,229,1668
2020-04-15,Mozambique,29,0,2,27
2020-04-15,Namibia,16,0,3,13
2020-04-15,Niger,584,14,90,480
2020-04-15,Nigeria,407,12,128,267
2020-04-15,Rwanda,136,0,54,82
2020-04-15,Sao Tome and Principe,4,0,0,4
2020-04-15,Senegal,314,2,190,122
2020-04-15,Seychelles,11,0,0,11
2020-04-15,Sierra Leone,13,0,0,13
2020-04-15,Somalia,80,5,2,73
2020-04-15,South Africa,2506,34,410,2062
2020-04-15,South Sudan,4,0,0,4
2020-04-15,Sudan,32,5,4,23
2020-04-15,Tanzania,88,4,11,73
2020-04-15,Togo,81,3,35,43
2020-04-15,Tunisia,780,35,43,702
2020-04-15,Uganda,55,0,12,43
2020-04-15,Zambia,48,2,30,16
2020-04-15,Zimbabwe,23,3,1,19
2020-04-16,Algeria,2268,348,783,1137
2020-04-16,Angola,19,2,5,12
2020-04-16,Benin,35,1,18,16
2020-04-16,Botswana,15,1,0,14
2020-04-16,Burkina Faso,546,32,257,257
2020-04-16,Burundi,5,1,0,4
2020-04-16,Cabo Verde,56,1,1,54
2020-04-16,Cameroon,996,22,164,810
2020-04-16,Central African Republic,12,0,4,8
2020-04-16,Chad,27,0,5,22
2020-04-16,Congo (Brazzaville),117,5,11,101
2020-04-16,Congo (Kinshasa),267,22,23,222
2020-04-16,Ivory Coast,654,6,146,502
2020-04-16,Djibouti,591,2,73,516
2020-04-16,Egypt,2673,196,596,1881
2020-04-16,Equatorial Guinea,51,0,4,47
2020-04-16,Eritrea,35,0,0,35
2020-04-16,Eswatini,16,1,8,7
2020-04-16,Ethiopia,92,3,15,74
2020-04-16,Gabon,80,1,4,75
2020-04-16,Gambia,9,1,2,6
2020-04-16,Ghana,641,8,83,550
2020-04-16,Guinea,438,1,49,388
2020-04-16,Guinea-Bissau,43,0,0,43
2020-04-16,Kenya,234,11,53,170
2020-04-16,Liberia,59,6,4,49
2020-04-16,Libya,49,1,11,37
2020-04-16,Madagascar,111,0,33,78
2020-04-16,Malawi,16,2,0,14
2020-04-16,Mali,171,13,34,124
2020-04-16,Mauritania,7,1,2,4
2020-04-16,Mauritius,324,9,81,234
2020-04-16,Morocco,2283,130,249,1904
2020-04-16,Mozambique,31,0,2,29
2020-04-16,Namibia,16,0,4,12
2020-04-16,Niger,584,14,90,480
2020-04-16,Nigeria,442,13,152,277
2020-04-16,Rwanda,138,0,60,78
2020-04-16,Sao Tome and Principe,4,0,0,4
2020-04-16,Senegal,335,2,194,139
2020-04-16,Seychelles,11,0,0,11
2020-04-16,Sierra Leone,15,0,0,15
2020-04-16,Somalia,80,5,2,73
2020-04-16,South Africa,2605,48,903,1654
2020-04-16,South Sudan,4,0,0,4
2020-04-16,Sudan,32,5,4,23
2020-04-16,Tanzania,94,4,11,79
2020-04-16,Togo,81,5,45,31
2020-04-16,Tunisia,822,37,43,742
2020-04-16,Uganda,55,0,20,35
2020-04-16,Zambia,48,2,30,16
2020-04-16,Zimbabwe,23,3,1,19
2020-04-17,Algeria,2418,364,846,1208
2020-04-17,Angola,19,2,5,12
2020-04-17,Benin,35,1,18,16
2020-04-17,Botswana,15,1,0,14
2020-04-17,Burkina Faso,557,35,294,228
2020-04-17,Burundi,5,1,0,4
2020-04-17,Cabo Verde,56,1,1,54
2020-04-17,Cameroon,996,22,164,810
2020-04-17,Central African Republic,12,0,4,8
2020-04-17,Chad,27,0,5,22
2020-04-17,Congo (Brazzaville),143,6,11,126
2020-04-17,Congo (Kinshasa),287,23,25,239
2020-04-17,Ivory Coast,688,6,193,489
2020-04-17,Djibouti,732,2,76,654
2020-04-17,Egypt,2844,205,646,1993
2020-04-17,Equatorial Guinea,79,0,4,75
2020-04-17,Eritrea,35,0,0,35
2020-04-17,Eswatini,16,1,8,7
2020-04-17,Ethiopia,96,3,15,78
2020-04-17,Gabon,108,1,7,100
2020-04-17,Gambia,9,1,2,6
2020-04-17,Ghana,641,8,83,550
2020-04-17,Guinea,477,3,59,415
2020-04-17,Guinea-Bissau,43,0,0,43
2020-04-17,Kenya,246,11,53,182
2020-04-17,Liberia,76,7,7,62
2020-04-17,Libya,49,1,11,37
2020-04-17,Madagascar,117,0,33,84
2020-04-17,Malawi,17,2,3,12
2020-04-17,Mali,171,13,34,124
2020-04-17,Mauritania,7,1,2,4
2020-04-17,Mauritius,324,9,108,207
2020-04-17,Morocco,2564,135,281,2148
2020-04-17,Mozambique,34,0,2,32
2020-04-17,Namibia,16,0,4,12
2020-04-17,Niger,627,18,110,499
2020-04-17,Nigeria,493,17,159,317
2020-04-17,Rwanda,143,0,65,78
2020-04-17,Sao Tome and Principe,4,0,0,4
2020-04-17,Senegal,342,2,198,142
2020-04-17,Seychelles,11,0,5,6
2020-04-17,Sierra Leone,26,0,0,26
2020-04-17,Somalia,116,6,2,108
2020-04-17,South Africa,2783,50,903,1830
2020-04-17,South Sudan,4,0,0,4
2020-04-17,Sudan,33,6,4,23
2020-04-17,Tanzania,147,5,11,131
2020-04-17,Togo,83,5,48,30
2020-04-17,Tunisia,864,37,43,784
2020-04-17,Uganda,56,0,20,36
2020-04-17,Zambia,52,2,30,20
2020-04-17,Zimbabwe,24,3,2,19
2020-04-18,Algeria,2534,367,894,1273
2020-04-18,Angola,24,2,6,16
2020-04-18,Benin,35,1,18,16
2020-04-18,Botswana,15,1,0,14
2020-04-18,Burkina Faso,565,36,321,208
2020-04-18,Burundi,5,1,0,4
2020-04-18,Cabo Verde,58,1,1,56
2020-04-18,Cameroon,1017,22,177,818
2020-04-18,Central African Republic,12,0,4,8
2020-04-18,Chad,33,0,8,25
2020-04-18,Congo (Brazzaville),143,6,11,126
2020-04-18,Congo (Kinshasa),307,25,26,256
2020-04-18,Ivory Coast,801,8,239,554
2020-04-18,Djibouti,732,2,76,654
2020-04-18,Egypt,3032,224,701,2107
2020-04-18,Equatorial Guinea,79,0,4,75
2020-04-18,Eritrea,39,0,3,36
2020-04-18,Eswatini,22,1,8,13
2020-04-18,Ethiopia,105,3,16,86
2020-04-18,Gabon,108,1,7,100
2020-04-18,Gambia,9,1,2,6
2020-04-18,Ghana,834,9,99,726
2020-04-18,Guinea,518,3,65,450
2020-04-18,Guinea-Bissau,46,0,0,46
2020-04-18,Kenya,262,12,60,190
2020-04-18,Liberia,76,7,7,62
2020-04-18,Libya,49,1,11,37
2020-04-18,Madagascar,120,0,35,85
2020-04-18,Malawi,17,2,3,12
2020-04-18,Mali,216,13,41,162
2020-04-18,Mauritania,7,1,2,4
2020-04-18,Mauritius,325,9,180,136
2020-04-18,Morocco,2685,137,314,2234
2020-04-18,Mozambique,35,0,4,31
2020-04-18,Namibia,16,0,6,10
2020-04-18,Niger,639,19,113,507
2020-04-18,Nigeria,542,19,166,357
2020-04-18,Rwanda,144,0,69,75
2020-04-18,Sao Tome and Principe,4,0,0,4
2020-04-18,Senegal,350,3,211,136
2020-04-18,Seychelles,11,0,5,6
2020-04-18,Sierra Leone,30,0,0,30
2020-04-18,Somalia,135,7,2,126
2020-04-18,South Africa,3034,52,903,2079
2020-04-18,South Sudan,4,0,0,4
2020-04-18,Sudan,66,10,6,50
2020-04-18,Tanzania,147,5,11,131
2020-04-18,Togo,84,5,49,30
2020-04-18,Tunisia,864,37,43,784
2020-04-18,Uganda,55,0,22,33
2020-04-18,Zambia,57,2,33,22
2020-04-18,Zimbabwe,25,3,2,20
2020-04-19,Algeria,2629,375,1047,1207
2020-04-19,Angola,24,2,6,16
2020-04-19,Benin,35,1,18,16
2020-04-19,Botswana,20,1,0,19
2020-04-19,Burkina Faso,576,36,338,202
2020-04-19,Burundi,5,1,0,4
2020-04-19,Cabo Verde,61,1,1,59
2020-04-19,Cameroon,1017,42,305,670
2020-04-19,Central African Republic,12,0,4,8
2020-04-19,Chad,33,0,8,25
2020-04-19,Congo (Brazzaville),143,6,11,126
2020-04-19,Congo (Kinshasa),327,25,26,276
2020-04-19,Ivory Coast,847,9,260,578
2020-04-19,Djibouti,846,2,102,742
2020-04-19,Egypt,3144,239,732,2173
2020-04-19,Equatorial Guinea,79,0,4,75
2020-04-19,Eritrea,39,0,3,36
2020-04-19,Eswatini,22,1,8,13
2020-04-19,Ethiopia,108,3,16,89
2020-04-19,Gabon,109,1,7,101
2020-04-19,Gambia,10,1,2,7
2020-04-19,Ghana,1042,9,99,934
2020-04-19,Guinea,579,5,87,487
2020-04-19,Guinea-Bissau,50,0,3,47
2020-04-19,Kenya,270,14,67,189
2020-04-19,Liberia,91,8,7,76
2020-04-19,Libya,51,1,11,39
2020-04-19,Madagascar,121,0,39,82
2020-04-19,Malawi,17,2,3,12
2020-04-19,Mali,224,14,42,168
2020-04-19,Mauritania,7,1,6,0
2020-04-19,Mauritius,328,9,208,111
2020-04-19,Morocco,2855,141,327,2387
2020-04-19,Mozambique,39,0,8,31
2020-04-19,Namibia,16,0,6,10
2020-04-19,Niger,648,20,117,511
2020-04-19,Nigeria,627,21,170,436
2020-04-19,Rwanda,147,0,76,71
2020-04-19,Sao Tome and Principe,4,0,0,4
2020-04-19,Senegal,367,3,220,144
2020-04-19,Seychelles,11,0,5,6
2020-04-19,Sierra Leone,35,0,6,29
2020-04-19,Somalia,164,7,3,154
2020-04-19,South Africa,3158,54,903,2201
2020-04-19,South Sudan,4,0,0,4
2020-04-19,Sudan,66,10,6,50
2020-04-19,Tanzania,170,7,11,152
2020-04-19,Togo,84,5,52,27
2020-04-19,Tunisia,879,38,43,798
2020-04-19,Uganda,55,0,28,27
2020-04-19,Zambia,61,3,33,25
2020-04-19,Zimbabwe,25,3,2,20
2020-04-20,Algeria,2718,384,1099,1235
2020-04-20,Angola,24,2,6,16
2020-04-20,Benin,54,1,27,26
2020-04-20,Botswana,20,1,0,19
2020-04-20,Burkina Faso,581,38,357,186
2020-04-20,Burundi,5,1,4,0
2020-04-20,Cabo Verde,67,1,1,65
2020-04-20,Cameroon,1163,42,305,816
2020-04-20,Central African Republic,12,0,4,8
2020-04-20,Chad,33,0,8,25
2020-04-20,Congo (Brazzaville),160,6,16,138
2020-04-20,Congo (Kinshasa),332,25,27,280
2020-04-20,Ivory Coast,847,9,260,578
2020-04-20,Djibouti,846,2,102,742
2020-04-20,Egypt,3333,250,821,2262
2020-04-20,Equatorial Guinea,79,0,7,72
2020-04-20,Eritrea,39,0,3,36
2020-04-20,Eswatini,24,1,8,15
2020-04-20,Ethiopia,111,3,16,92
2020-04-20,Gabon,120,1,7,112
2020-04-20,Gambia,10,1,2,7
2020-04-20,Ghana,1042,9,99,934
2020-04-20,Guinea,622,5,122,495
2020-04-20,Guinea-Bissau,50,0,3,47
2020-04-20,Kenya,281,14,69,198
2020-04-20,Liberia,99,8,7,84
2020-04-20,Libya,51,1,15,35
2020-04-20,Madagascar,121,0,41,80
2020-04-20,Malawi,17,2,3,12
2020-04-20,Mali,246,14,56,176
2020-04-20,Mauritania,7,1,6,0
2020-04-20,Mauritius,328,9,224,95
2020-04-20,Morocco,3046,143,350,2553
2020-04-20,Mozambique,39,0,8,31
2020-04-20,Namibia,16,0,6,10
2020-04-20,Niger,648,20,117,511
2020-04-20,Nigeria,665,22,188,455
2020-04-20,Rwanda,147,0,76,71
2020-04-20,Sao Tome and Principe,4,0,0,4
2020-04-20,Senegal,377,5,235,137
2020-04-20,Seychelles,11,0,5,6
2020-04-20,Sierra Leone,43,0,6,37
2020-04-20,Somalia,237,8,4,225
2020-04-20,South Africa,3300,58,1055,2187
2020-04-20,South Sudan,4,0,0,4
2020-04-20,Sudan,107,12,8,87
2020-04-20,Tanzania,254,10,11,233
2020-04-20,Togo,84,6,53,25
2020-04-20,Tunisia,884,38,148,698
2020-04-20,Uganda,56,0,38,18
2020-04-20,Zambia,65,3,35,27
2020-04-20,Zimbabwe,25,3,2,20
2020-04-21,Algeria,2811,392,1152,1267
2020-04-21,Angola,24,2,6,16
2020-04-21,Benin,54,1,27,26
2020-04-21,Botswana,20,1,0,19
2020-04-21,Burkina Faso,600,38,362,200
2020-04-21,Burundi,5,1,4,0
2020-04-21,Cabo Verde,68,1,1,66
2020-04-21,Cameroon,1163,43,329,791
2020-04-21,Central African Republic,14,0,10,4
2020-04-21,Chad,33,0,8,25
2020-04-21,Congo (Brazzaville),165,6,16,143
2020-04-21,Congo (Kinshasa),350,25,35,290
2020-04-21,Ivory Coast,916,13,303,600
2020-04-21,Djibouti,945,2,112,831
2020-04-21,Egypt,3490,264,870,2356
2020-04-21,Equatorial Guinea,83,0,7,76
2020-04-21,Eritrea,39,0,6,33
2020-04-21,Eswatini,31,1,8,22
2020-04-21,Ethiopia,114,3,16,95
2020-04-21,Gabon,156,1,16,139
2020-04-21,Gambia,10,1,2,7
2020-04-21,Ghana,1042,9,99,934
2020-04-21,Guinea,688,6,127,555
2020-04-21,Guinea-Bissau,50,0,3,47
2020-04-21,Kenya,296,14,74,208
2020-04-21,Liberia,101,8,7,86
2020-04-21,Libya,51,1,15,35
2020-04-21,Madagascar,121,0,44,77
2020-04-21,Malawi,18,2,3,13
2020-04-21,Mali,258,14,57,187
2020-04-21,Mauritania,7,1,6,0
2020-04-21,Mauritius,328,9,243,76
2020-04-21,Morocco,3209,145,393,2671
2020-04-21,Mozambique,39,0,8,31
2020-04-21,Namibia,16,0,6,10
2020-04-21,Niger,657,20,127,510
2020-04-21,Nigeria,665,22,188,455
2020-04-21,Rwanda,150,0,84,66
2020-04-21,Sao Tome and Principe,4,0,0,4
2020-04-21,Senegal,412,5,242,165
2020-04-21,Seychelles,11,0,5,6
2020-04-21,Sierra Leone,50,0,6,44
2020-04-21,Somalia,286,8,4,274
2020-04-21,South Africa,3465,58,1055,2352
2020-04-21,South Sudan,4,0,0,4
2020-04-21,Sudan,107,12,8,87
2020-04-21,Tanzania,254,10,11,233
2020-04-21,Togo,86,6,56,24
2020-04-21,Tunisia,884,38,148,698
2020-04-21,Uganda,61,0,38,23
2020-04-21,Zambia,70,3,35,32
2020-04-21,Zimbabwe,28,3,2,23
2020-04-22,Algeria,2910,402,1204,1304
2020-04-22,Angola,25,2,6,17
2020-04-22,Benin,54,1,27,26
2020-04-22,Botswana,22,1,0,21
2020-04-22,Burkina Faso,609,39,389,181
2020-04-22,Burundi,11,1,4,6
2020-04-22,Cabo Verde,73,1,1,71
2020-04-22,Cameroon,1163,43,397,723
2020-04-22,Central African Republic,14,0,10,4
2020-04-22,Chad,33,0,8,25
2020-04-22,Congo (Brazzaville),186,6,16,164
2020-04-22,Congo (Kinshasa),359,25,45,289
2020-04-22,Ivory Coast,952,14,310,628
2020-04-22,Djibouti,974,2,183,789
2020-04-22,Egypt,3659,276,935,2448
2020-04-22,Equatorial Guinea,84,1,7,76
2020-04-22,Eritrea,39,0,6,33
2020-04-22,Eswatini,31,1,8,22
2020-04-22,Ethiopia,116,3,21,92
2020-04-22,Gabon,166,1,24,141
2020-04-22,Gambia,10,1,2,7
2020-04-22,Ghana,1154,9,99,1046
2020-04-22,Guinea,761,6,164,591
2020-04-22,Guinea-Bissau,50,0,3,47
2020-04-22,Kenya,303,14,74,215
2020-04-22,Liberia,101,8,20,73
2020-04-22,Libya,59,1,15,43
2020-04-22,Madagascar,121,0,52,69
2020-04-22,Malawi,23,3,3,17
2020-04-22,Mali,293,17,73,203
2020-04-22,Mauritania,7,1,6,0
2020-04-22,Mauritius,329,9,261,59
2020-04-22,Morocco,3446,149,417,2880
2020-04-22,Mozambique,41,0,8,33
2020-04-22,Namibia,16,0,6,10
2020-04-22,Niger,662,22,193,447
2020-04-22,Nigeria,873,28,197,648
2020-04-22,Rwanda,153,0,84,69
2020-04-22,Sao Tome and Principe,4,0,0,4
2020-04-22,Senegal,442,6,253,183
2020-04-22,Seychelles,11,0,5,6
2020-04-22,Sierra Leone,61,0,6,55
2020-04-22,Somalia,286,8,4,274
2020-04-22,South Africa,3635,65,1055,2515
2020-04-22,South Sudan,4,0,0,4
2020-04-22,Sudan,140,13,12,115
2020-04-22,Tanzania,284,10,11,263
2020-04-22,Togo,88,6,56,26
2020-04-22,Tunisia,909,38,190,681
2020-04-22,Uganda,63,0,45,18
2020-04-22,Zambia,74,3,35,36
2020-04-22,Zimbabwe,28,4,2,22
